{"DataList":[{"playerNum":1,"amountStylePer":0.5079512000083923,"strongStylePer":0.15238536894321443,"saveStylePer":0.33966341614723208,"playerStyle":"AmountStyle","IsStyle":true},{"playerNum":2,"amountStylePer":0.31171345710754397,"strongStylePer":0.15585672855377198,"saveStylePer":0.5324298143386841,"playerStyle":"SaveStyle","IsStyle":true},{"playerNum":3,"amountStylePer":0.21251319348812104,"strongStylePer":0.12750792503356934,"saveStylePer":0.6599788665771484,"playerStyle":"SaveStyle","IsStyle":true},{"playerNum":4,"amountStylePer":0.48201239109039309,"strongStylePer":0.09640248119831085,"saveStylePer":0.42158517241477969,"playerStyle":"AmountStyle","IsStyle":true}]}