{"DataList":[{"playerNum":1,"amountStylePer":0.2586477994918823,"strongStylePer":0.08621592819690705,"saveStylePer":0.6551362872123718,"playerStyle":"SaveStyle","IsStyle":true,"difficluty":0.5942944884300232},{"playerNum":2,"amountStylePer":0.3245033025741577,"strongStylePer":0.046357616782188418,"saveStylePer":0.6291390657424927,"playerStyle":"SaveStyle","IsStyle":true,"difficluty":0.737500011920929}]}