{"DataList":[{"playerNum":1,"amountStylePer":0.327720046043396,"strongStylePer":0.1228950172662735,"saveStylePer":0.5493849515914917,"playerStyle":"SaveStyle","IsStyle":true,"difficluty":0.6433068513870239}]}